Taxon,O.0,O.1
Archaea;Euryarchaeota;Methanomicrobia;Methanomicrobiales,0.0031,0.0041
Archaea;Euryarchaeota;Thermoplasmata;E2,0.0001,0.0003
Bacteria;Actinobacteria;Actinobacteria;Actinomycetales,0.0059,0.0089
Bacteria;Actinobacteria;Actinobacteria;Bifidobacteriales,0.0000,0.0000
Bacteria;Actinobacteria;Coriobacteriia;Coriobacteriales,0.0098,0.0099
Bacteria;Bacteroidetes;Bacteroidia;Bacteroidales,0.1372,0.1399
Bacteria;Bacteroidetes;Flavobacteriia;Flavobacteriales,0.0001,0.0003
Bacteria;Bacteroidetes;Saprospirae;Saprospirales,0.0000,0.0000
Bacteria;Bacteroidetes;Sphingobacteriia;Sphingobacteriales,0.0000,0.0000
Bacteria;Deferribacteres;Deferribacteres;Deferribacterales,0.0002,0.0002
Bacteria;Elusimicrobia;Elusimicrobia;Elusimicrobiales,0.0011,0.0009
Bacteria;Elusimicrobia;Endomicrobia;Endomicrobiales,0.1141,0.1003
Bacteria;Fibrobacteres;TG3;Other,0.0000,0.0000
Bacteria;Firmicutes;Bacilli;Other,0.0004,0.0003
Bacteria;Firmicutes;Bacilli;Lactobacillales,0.0056,0.0181
Bacteria;Firmicutes;Bacilli;Turicibacterales,0.0000,0.0000
Bacteria;Firmicutes;Clostridia;Clostridiales,0.1300,0.1658
Bacteria;Firmicutes;Erysipelotrichi;Erysipelotrichales,0.0004,0.0002
Bacteria;Fusobacteria;Fusobacteriia;Fusobacteriales,0.0012,0.0013
Bacteria;Planctomycetes;Other;Other,0.0003,0.0005
Bacteria;Planctomycetes;HA49;PeHg47,0.0000,0.0000
Bacteria;Planctomycetes;Planctomycetia;Pirellulales,0.0015,0.0036
Bacteria;Proteobacteria;Alphaproteobacteria;Other,0.0003,0.0004
Bacteria;Proteobacteria;Alphaproteobacteria;Caulobacterales,0.0000,0.0000
Bacteria;Proteobacteria;Alphaproteobacteria;RF32,0.0009,0.0009
Bacteria;Proteobacteria;Alphaproteobacteria;Rhizobiales,0.0001,0.0015
Bacteria;Proteobacteria;Alphaproteobacteria;Rhodospirillales,0.0009,0.0013
Bacteria;Proteobacteria;Alphaproteobacteria;Rickettsiales,0.0108,0.0095
Bacteria;Proteobacteria;Alphaproteobacteria;Sphingomonadales,0.0000,0.0016
Bacteria;Proteobacteria;Betaproteobacteria;Burkholderiales,0.0009,0.0003
Bacteria;Proteobacteria;Betaproteobacteria;Methylophilales,0.0000,0.0000
Bacteria;Proteobacteria;Betaproteobacteria;Neisseriales,0.0001,0.0003
Bacteria;Proteobacteria;Betaproteobacteria;Procabacteriales,0.0000,0.0000
Bacteria;Proteobacteria;Betaproteobacteria;Rhodocyclales,0.0107,0.0126
Bacteria;Proteobacteria;Deltaproteobacteria;Desulfarculales,0.0007,0.0008
Bacteria;Proteobacteria;Deltaproteobacteria;Desulfovibrionales,0.0154,0.0147
Bacteria;Proteobacteria;Gammaproteobacteria;Aeromonadales,0.0001,0.0000
Bacteria;Proteobacteria;Gammaproteobacteria;Alteromonadales,0.0001,0.0002
Bacteria;Proteobacteria;Gammaproteobacteria;Enterobacteriales,0.0005,0.0002
Bacteria;Proteobacteria;Gammaproteobacteria;Oceanospirillales,0.0007,0.0010
Bacteria;Proteobacteria;Gammaproteobacteria;Pseudomonadales,0.0000,0.0001
Bacteria;Proteobacteria;Gammaproteobacteria;Xanthomonadales,0.0000,0.0000
Bacteria;Proteobacteria;TA18;CV90,0.0003,0.0005
Bacteria;SR1;Other;Other,0.0020,0.0011
Bacteria;Spirochaetes;Leptospirae;Leptospirales,0.0015,0.0025
Bacteria;Spirochaetes;Spirochaetes;Spirochaetales,0.4992,0.4534
Bacteria;Synergistetes;Synergistia;Synergistales,0.0100,0.0111
Bacteria;Tenericutes;Mollicutes;Mycoplasmatales,0.0066,0.0055
Bacteria;Verrucomicrobia;Methylacidiphilae;Methylacidiphilales,0.0017,0.0019
Bacteria;Verrucomicrobia;Opitutae;Other,0.0000,0.0001
Bacteria;Verrucomicrobia;Opitutae;HA64,0.0012,0.0019
Bacteria;Verrucomicrobia;Opitutae;Opitutales,0.0004,0.0005
Bacteria;Verrucomicrobia;Spartobacteria;Chthoniobacterales,0.0025,0.0033
Bacteria;Verrucomicrobia;Verrucomicrobiae;Verrucomicrobiales,0.0000,0.0000
Bacteria;ZB3;Rs-J96;Other,0.0011,0.0011
Unassigned;Other;Other;Other,0.0203,0.0169
Birch,0.0000,0.0000
Cardboard,0.0000,0.0000
Maple,0.0000,0.0000
Oak,0.1000,0.1000
Original Mulch,0.0000,0.0000
Spruce,0.0000,0.0000
